,Unnamed: 0,Unnamed: 0.1,seed,model,hierarchy,f1-macro,accuracy
0,0.0,,42,MLP,flat,0.8516219705287615,0.8708260683620094
1,1.0,,43,MLP,flat,0.8482852693887941,0.8691976181860052
2,,,44,MLP,flat,0.8485346803653324,0.8683751686021647
